City_ID,City,Country,Lat,Lng,Max Temp,Humidity,Cloudiness,Wind Speed,Current Description
0,Brownsville,US,25.9018,-97.4975,73.38,64,1,4.0,clear sky
1,Atuona,PF,-9.8,-139.0333,78.82,76,32,23.06,scattered clouds
2,Utrecht,NL,52.0,5.25,44.1,93,100,4.0,overcast clouds
3,George Town,MY,5.4112,100.3354,75.88,95,40,0.0,light rain
4,Butaritari,KI,3.0707,172.7902,81.21,81,35,11.36,light rain
5,Sept-Iles,CA,50.2001,-66.3821,29.05,74,20,4.61,few clouds
6,Hermanus,ZA,-34.4187,19.2345,61.9,76,58,12.28,broken clouds
7,Yerbogachen,RU,61.2767,108.0108,-1.59,97,100,6.58,overcast clouds
8,Soyo,AO,-6.1349,12.3689,79.63,88,100,8.93,light rain
9,Bengkulu,ID,-3.8004,102.2655,75.25,87,99,9.6,overcast clouds
10,Saskylakh,RU,71.9167,114.0833,-24.05,100,93,4.23,overcast clouds
11,Rosehearty,GB,57.697,-2.1132,46.96,84,94,28.63,overcast clouds
12,Abha,SA,18.2164,42.5053,57.02,41,0,0.0,clear sky
13,San Juan De Colon,VE,8.0313,-72.2605,81.99,88,100,1.16,overcast clouds
14,Souillac,MU,-20.5167,57.5167,74.35,78,20,3.44,few clouds
15,Tiksi,RU,71.6872,128.8694,-22.25,100,95,6.02,overcast clouds
16,San Pedro,PH,14.35,121.0167,79.83,87,75,3.44,broken clouds
17,Warrensburg,US,38.7628,-93.7361,66.69,40,1,9.22,clear sky
18,Bonavista,CA,48.6499,-53.1147,42.12,86,88,10.87,overcast clouds
19,Tasiilaq,GL,65.6145,-37.6368,24.96,94,100,10.98,light snow
20,Jamestown,US,42.097,-79.2353,35.19,81,90,4.0,overcast clouds
21,Mataura,NZ,-46.1927,168.8643,57.47,77,97,3.78,overcast clouds
22,Yamada,JP,39.4667,141.95,44.4,80,91,6.58,overcast clouds
23,Soroti,UG,1.7146,33.6111,72.55,60,99,6.17,light rain
24,Wakkanai,JP,45.4094,141.6739,38.12,77,100,6.06,overcast clouds
25,Punta Arenas,CL,-53.15,-70.9167,50.11,53,40,29.93,scattered clouds
26,Ushuaia,AR,-54.8,-68.3,42.46,75,75,20.71,light intensity drizzle
27,San Quintin,MX,30.4833,-115.95,70.48,51,0,11.05,clear sky
28,Don Sak,TH,9.3168,99.6918,77.14,95,100,16.04,light rain
29,Arraial Do Cabo,BR,-22.9661,-42.0278,82.36,69,0,14.97,clear sky
30,Ihosy,MG,-22.4,46.1167,65.75,87,61,6.98,broken clouds
31,Kushmurun,KZ,52.4503,64.6311,8.2,94,12,6.76,few clouds
32,Viedma,AR,-40.8135,-62.9967,71.53,29,0,14.76,clear sky
33,Cabatuan,PH,10.8794,122.486,74.75,89,35,6.44,scattered clouds
34,Thompson,CA,55.7435,-97.8558,21.36,93,90,5.75,light snow
35,Qaanaaq,GL,77.484,-69.3632,7.52,63,100,7.49,overcast clouds
36,Rikitea,PF,-23.1203,-134.9692,76.5,75,3,22.53,clear sky
37,Tazovskiy,RU,67.4667,78.7,-2.45,96,100,13.15,light snow
38,Yurty,RU,56.0498,97.6348,25.61,92,100,8.79,light snow
39,Albany,US,42.6001,-73.9662,33.17,68,80,5.01,broken clouds
40,Torbay,CA,47.6666,-52.7314,44.67,84,75,5.75,broken clouds
41,Paranhos,BR,-23.8928,-55.4311,76.89,44,36,6.58,scattered clouds
42,Yumen,CN,40.2833,97.2,18.36,47,0,7.07,clear sky
43,Barrow,US,71.2906,-156.7887,-18.38,76,1,6.91,clear sky
44,Narsaq,GL,60.9167,-46.05,34.02,99,100,9.44,moderate rain
45,Bowen,AU,-20.0167,148.2333,73.62,74,28,11.92,scattered clouds
46,Hilo,US,19.7297,-155.09,75.61,78,90,6.91,light rain
47,Busselton,AU,-33.65,115.3333,56.05,69,19,9.04,few clouds
48,Pochutla,MX,15.7432,-96.4661,87.82,53,4,8.7,clear sky
49,Talnakh,RU,69.4865,88.3972,-16.8,97,99,6.31,overcast clouds
50,Georgetown,MY,5.4112,100.3354,75.88,95,40,0.0,moderate rain
51,Yar-Sale,RU,66.8333,70.8333,0.03,97,94,8.59,overcast clouds
52,Deputatskiy,RU,69.3,139.9,-14.37,97,100,4.59,overcast clouds
53,Port Lincoln,AU,-34.7333,135.8667,64.96,59,57,9.35,broken clouds
54,Opuwo,NA,-18.0607,13.84,75.15,24,84,6.29,broken clouds
55,Kapaa,US,22.0752,-159.319,82.38,67,20,8.01,few clouds
56,Upernavik,GL,72.7868,-56.1549,22.01,96,100,5.1,light snow
57,Hobart,AU,-42.8794,147.3294,58.12,85,20,3.0,few clouds
58,Kondinskoye,RU,59.6481,67.41,27.01,95,95,10.51,overcast clouds
59,Kamuli,UG,0.9472,33.1197,64.89,95,100,2.93,light rain
60,Dikson,RU,73.5069,80.5464,-14.3,96,100,16.71,overcast clouds
61,Tuatapere,NZ,-46.1333,167.6833,57.81,72,100,0.89,overcast clouds
62,Pevek,RU,69.7008,170.3133,1.06,96,100,3.85,overcast clouds
63,Zhangjiakou,CN,40.81,114.8794,20.12,56,25,21.12,scattered clouds
64,Dudinka,RU,69.4058,86.1778,-14.62,96,100,6.22,overcast clouds
65,Hithadhoo,MV,-0.6,73.0833,81.07,80,58,14.67,broken clouds
66,Port Elizabeth,ZA,-33.918,25.5701,61.11,94,0,8.05,clear sky
67,Lagunas,PE,-5.2269,-75.6753,86.58,62,100,4.41,light rain
68,Lodwar,KE,3.1191,35.5973,83.46,52,44,17.81,scattered clouds
69,Bluff,NZ,-46.6,168.3333,57.79,77,100,8.99,overcast clouds
70,Homer,US,59.6425,-151.5483,19.27,86,90,16.11,overcast clouds
71,San Patricio,US,28.017,-97.5169,74.01,40,32,3.98,scattered clouds
72,Freeport,US,40.6576,-73.5832,42.78,62,75,5.01,broken clouds
73,Sao Joao Da Barra,BR,-21.6403,-41.0511,82.49,90,3,13.44,clear sky
74,Santa Rosa,PH,14.3122,121.1114,80.58,82,98,3.91,overcast clouds
75,Ribeira Grande,PT,38.5167,-28.7,59.4,67,20,3.44,few clouds
76,Aleksandrov Gay,RU,50.147,48.5704,38.32,72,98,18.19,overcast clouds
77,Nikolskoye,RU,59.7035,30.7861,25.39,95,100,10.71,snow
78,Solnechnyy,RU,50.7214,136.6319,9.09,95,100,5.44,overcast clouds
79,Sovetskiy,RU,61.3614,63.5842,28.17,91,64,8.23,broken clouds
80,Saldanha,ZA,-33.0117,17.9442,64.45,84,44,4.79,scattered clouds
81,Margate,GB,51.3813,1.3862,39.06,75,69,1.99,broken clouds
82,Avarua,CK,-21.2078,-159.775,78.85,61,75,12.66,broken clouds
83,Bredasdorp,ZA,-34.5322,20.0403,58.28,62,49,8.32,scattered clouds
84,Cotonou,BJ,6.3654,2.4183,80.58,83,20,3.44,few clouds
85,Tanete,ID,-3.9443,119.7848,74.07,94,100,3.31,overcast clouds
86,Clyde River,CA,70.4692,-68.5914,-1.97,78,75,6.91,broken clouds
87,Iisalmi,FI,63.5592,27.1907,14.02,84,100,9.73,overcast clouds
88,Marsa Matruh,EG,31.3525,27.2453,70.25,70,100,12.8,overcast clouds
89,Connersville,US,39.6412,-85.1411,45.66,38,71,9.26,broken clouds
90,Tocopilla,CL,-22.092,-70.1979,66.29,67,23,5.41,few clouds
91,Tokur,RU,53.1333,132.9,-3.28,99,100,2.89,overcast clouds
92,Cherskiy,RU,68.75,161.3,-15.07,97,100,5.75,overcast clouds
93,Puerto Ayora,EC,-0.7393,-90.3518,82.36,87,75,8.01,broken clouds
94,Pitimbu,BR,-7.4706,-34.8086,82.99,74,59,10.85,broken clouds
95,Navolato,MX,24.7672,-107.6944,92.64,47,89,9.84,overcast clouds
96,Birin,NP,26.8865,88.0718,47.79,71,24,5.37,few clouds
97,Hamilton,US,39.1834,-84.5333,45.88,35,1,1.99,clear sky
98,Cape Town,ZA,-33.9258,18.4232,67.08,72,40,6.91,scattered clouds
99,Te Anau,NZ,-45.4167,167.7167,55.06,62,66,0.2,broken clouds
100,Baykit,RU,61.67,96.37,0.52,98,100,3.47,light snow
101,Goderich,CA,43.7501,-81.7165,35.92,60,100,13.8,overcast clouds
102,Nagaur,IN,27.2,73.7333,64.78,26,98,6.78,overcast clouds
103,Pisco,PE,-13.7,-76.2167,71.65,68,0,20.71,clear sky
104,Nong Khai,TH,17.9167,103.0833,65.28,79,53,6.15,broken clouds
105,Marshall,US,34.3834,-86.3333,53.42,33,1,5.75,clear sky
106,Yulara,AU,-25.2406,130.9889,62.44,51,0,4.61,clear sky
107,Sitka,US,57.0531,-135.33,37.29,65,90,14.97,light rain
108,Lagoa,PT,39.05,-27.9833,60.78,56,68,2.91,broken clouds
109,Waingapu,ID,-9.6567,120.2641,78.91,82,99,7.38,overcast clouds
110,Romny,UA,50.751,33.4747,46.02,85,100,20.09,overcast clouds
111,Jiayuguan,CN,39.8167,98.3,20.1,40,0,2.39,clear sky
112,Hualmay,PE,-11.0964,-77.6139,70.07,74,35,10.8,scattered clouds
113,San Felipe,VE,10.3399,-68.7425,79.21,83,100,6.15,overcast clouds
114,Tutin,RS,42.9903,20.3314,32.23,99,100,7.14,light snow
115,Boissevain,CA,49.2306,-100.0559,43.3,84,7,10.94,clear sky
116,Tuktoyaktuk,CA,69.4541,-133.0374,-14.8,76,75,21.85,light snow
117,Kitakami,JP,39.2833,141.1167,40.24,86,100,1.9,overcast clouds
118,Indianola,US,41.3581,-93.5574,67.19,41,75,11.12,broken clouds
119,Severo-Kurilsk,RU,50.6789,156.125,32.99,82,97,33.89,light snow
120,New Norfolk,AU,-42.7826,147.0587,58.75,76,29,3.18,scattered clouds
121,Whitehorse,CA,60.7161,-135.0538,9.1,84,90,0.0,overcast clouds
122,Russkaya Polyana,UA,49.417,31.9201,44.22,74,99,21.41,overcast clouds
123,Vaini,TO,-21.2,-175.2,80.76,69,75,11.5,broken clouds
124,Muros,ES,42.7762,-9.0603,51.84,94,100,5.17,overcast clouds
125,Cidreira,BR,-30.1811,-50.2056,76.73,59,31,11.41,scattered clouds
126,Iskateley,RU,67.6803,53.1512,9.75,96,98,8.1,overcast clouds
127,Valenca,BR,-13.3703,-39.0731,77.45,83,43,3.94,scattered clouds
128,Nouadhibou,MR,20.931,-17.0347,66.18,68,66,19.57,broken clouds
129,Ukiah,US,39.1502,-123.2078,75.36,59,1,2.82,clear sky
130,Vestmannaeyjar,IS,63.4427,-20.2734,36.25,91,100,37.8,overcast clouds
131,Esna,EG,25.2934,32.554,75.63,27,4,2.13,clear sky
132,Pacific Grove,US,36.6177,-121.9166,77.38,62,1,3.0,clear sky
133,Abu Samrah,SY,35.3029,37.1841,63.27,52,100,4.27,overcast clouds
134,Tezu,IN,27.9167,96.1667,61.36,49,80,4.18,broken clouds
135,Evensk,RU,61.95,159.2333,12.24,95,100,6.13,overcast clouds
136,Asau,RO,46.4333,26.4,38.39,83,31,5.48,scattered clouds
137,Namibe,AO,-15.1961,12.1522,72.84,64,11,4.59,few clouds
138,Thinadhoo,MV,0.5333,72.9333,81.37,79,37,15.19,scattered clouds
139,Kahului,US,20.8947,-156.47,75.97,88,40,11.5,moderate rain
140,Constitucion,CL,-35.3333,-72.4167,62.76,66,7,19.42,clear sky
141,Karema,TZ,-6.8205,30.4389,74.59,74,46,4.54,scattered clouds
142,Qasigiannguit,GL,68.8193,-51.1922,34.05,97,100,3.62,light rain
143,Vanimo,PG,-2.6741,141.3028,77.88,89,100,2.46,overcast clouds
144,Banda Aceh,ID,5.5577,95.3222,75.99,89,100,2.24,heavy intensity rain
145,Ust-Kan,RU,50.9276,84.761,6.3,80,13,4.56,few clouds
146,Havelock,US,34.8791,-76.9013,52.02,41,1,7.0,clear sky
147,Castro,BR,-24.7911,-50.0119,72.43,80,33,6.96,scattered clouds
148,Lorengau,PG,-2.0226,147.2712,82.26,78,100,7.23,overcast clouds
149,Fairbanks,US,64.8378,-147.7164,-12.41,67,75,0.0,broken clouds
150,Carnarvon,AU,-24.8667,113.6333,69.87,78,0,21.85,clear sky
151,East London,ZA,-33.0153,27.9116,69.01,84,29,10.0,scattered clouds
152,Bardiyah,LY,31.7561,25.0865,67.19,78,98,11.92,overcast clouds
153,Jaegerspris,DK,55.8554,11.9679,33.1,90,99,1.99,overcast clouds
154,Bambous Virieux,MU,-20.3428,57.7575,74.21,78,20,3.44,few clouds
155,Kruisfontein,ZA,-34.0033,24.7314,58.89,84,1,4.94,clear sky
156,Krasnoselkup,RU,65.7,82.4667,5.54,96,100,11.97,light snow
157,Port Alfred,ZA,-33.5906,26.891,67.84,88,88,8.32,overcast clouds
158,Amapa,BR,1.0,-52.0,79.88,79,100,4.7,heavy intensity rain
159,Leningradskiy,RU,69.3833,178.4167,-21.28,96,69,9.06,broken clouds
160,Norman Wells,CA,65.282,-126.8329,-23.76,69,20,0.0,few clouds
161,Hasaki,JP,35.7333,140.8333,32.4,61,20,4.25,few clouds
162,Wewak,PG,-3.5534,143.6268,80.35,82,100,1.34,overcast clouds
163,Jalu,LY,29.0331,21.5482,63.1,54,97,12.24,overcast clouds
164,Morlaix,FR,48.5833,-4.0,46.45,83,90,10.36,overcast clouds
165,Smithers,CA,54.7804,-127.1743,23.32,100,90,5.75,light snow
166,Komsomolskiy,UZ,40.4272,71.7189,36.82,75,18,6.91,mist
167,Atherton,GB,53.5237,-2.4935,48.27,94,100,15.43,light rain
168,Bethel,US,41.3712,-73.414,39.92,68,75,1.01,broken clouds
169,Gamba,GA,-2.65,10.0,77.97,89,100,4.47,overcast clouds
170,Batagay,RU,67.6333,134.6333,-24.99,100,100,2.08,overcast clouds
171,La Peca,PE,-5.6111,-78.435,82.4,58,100,3.71,light rain
172,Stephenville,US,32.2207,-98.2023,77.09,28,0,9.22,clear sky
173,Salou,ES,41.0766,1.1416,54.16,59,0,8.99,clear sky
174,Ancud,CL,-41.8697,-73.8203,64.22,65,41,5.23,scattered clouds
175,Tekirdag,TR,40.978,27.5085,52.95,59,30,27.09,scattered clouds
176,Karasjok,NO,69.4719,25.5112,6.91,99,100,4.38,overcast clouds
177,Nome,US,64.5011,-165.4064,-18.33,69,1,4.61,clear sky
178,Marzuq,YE,14.4,46.4667,62.91,39,0,4.18,clear sky
179,Sao Filipe,CV,14.8961,-24.4956,75.72,68,95,13.51,overcast clouds
180,Yushu,CN,44.8,126.5333,20.32,86,100,4.72,overcast clouds
181,Labuhan,ID,-6.8844,112.2051,77.5,85,100,7.16,overcast clouds
182,Vilyuysk,RU,63.7553,121.6247,-11.54,98,100,2.44,overcast clouds
183,Bara,NG,10.3744,10.7288,77.95,19,11,8.23,few clouds
184,Srinagar,IN,34.0833,74.8167,41.11,37,100,2.3,overcast clouds
185,Faanui,PF,-16.4833,-151.75,81.01,76,100,13.18,light rain
186,Cache Creek,CA,50.8101,-121.3246,52.38,81,47,5.59,scattered clouds
187,Maroantsetra,MG,-15.4333,49.7333,74.95,87,99,0.98,light rain
188,Cognac,FR,45.5,-0.25,38.91,93,0,0.0,clear sky
189,Broome,US,42.2506,-75.833,33.46,69,20,5.99,light snow
190,Pingliang,CN,35.5392,106.6861,29.26,31,0,1.25,clear sky
191,Yaan,NG,7.3833,8.5667,82.31,33,24,4.43,few clouds
192,Nara,JP,34.6851,135.8049,51.98,68,2,3.13,clear sky
193,Namatanai,PG,-3.6667,152.4333,81.81,76,97,11.68,overcast clouds
194,Manzanillo,CU,20.3433,-77.1167,79.93,66,100,6.78,overcast clouds
195,Edd,ER,13.9297,41.6925,81.91,61,5,13.18,clear sky
196,Lebu,CL,-37.6167,-73.65,57.76,75,75,18.3,broken clouds
197,Matagami,CA,49.7502,-77.6328,19.51,93,90,4.61,light snow
198,Idanre,NG,7.1127,5.1159,73.67,90,56,2.91,broken clouds
199,Okha,RU,53.5739,142.9478,15.67,84,76,15.73,broken clouds
200,Cabo San Lucas,MX,22.8909,-109.9124,87.1,64,100,4.0,overcast clouds
201,Halifax,CA,44.6453,-63.5724,48.25,98,90,7.0,mist
202,Harboore,DK,56.6175,8.1807,33.15,87,100,17.22,light snow
203,Belaya Gora,RU,68.5333,146.4167,-10.28,99,100,5.37,light snow
204,Grand Gaube,MU,-20.0064,57.6608,74.37,71,1,3.0,clear sky
205,Pedasi,PA,7.5333,-80.0333,81.0,76,97,1.97,overcast clouds
206,Port Augusta,AU,-32.5,137.7667,68.7,31,4,1.95,clear sky
207,Alamosa,US,37.4695,-105.87,59.34,26,1,0.0,clear sky
208,Preobrazheniye,RU,42.9019,133.9064,36.82,78,100,6.85,overcast clouds
209,Kendari,ID,-3.945,122.4989,75.06,93,100,2.93,overcast clouds
210,Geraldton,AU,-28.7667,114.6,66.61,63,90,18.41,overcast clouds
211,Raudeberg,NO,61.9875,5.1352,36.19,79,100,5.99,light rain
212,Portland,US,45.5234,-122.6762,59.85,92,90,3.44,light intensity drizzle
213,Gasa,PS,31.5,34.4667,73.89,34,37,12.06,scattered clouds
214,Marawi,PH,7.9986,124.2928,65.64,94,80,2.08,broken clouds
215,Dandong,CN,40.1292,124.3947,34.05,93,100,10.89,snow
216,Flin Flon,CA,54.7682,-101.865,33.64,80,75,9.22,broken clouds
217,Takoradi,GH,4.8845,-1.7554,79.54,83,83,7.23,light rain
218,Cabedelo,BR,-6.9811,-34.8339,83.07,74,47,11.27,scattered clouds
219,Shache,CN,38.4167,77.2406,27.14,39,0,1.81,clear sky
220,Henties Bay,NA,-22.116,14.2845,58.86,92,0,6.58,clear sky
221,Uhlove,UA,44.8215,33.6045,55.56,87,100,20.09,overcast clouds
222,George,ZA,-33.963,22.4617,63.95,72,90,4.61,overcast clouds
223,Sidney,AU,-33.8679,151.2073,67.1,84,75,1.01,broken clouds
224,Saint-Philippe,RE,-21.3585,55.7679,76.55,85,61,7.76,broken clouds
225,Lexington Park,US,38.2668,-76.4538,46.69,49,75,1.99,broken clouds
226,Santa Cruz,BO,-17.8,-63.1667,78.85,61,75,5.75,broken clouds
227,Olinda,BR,-8.0089,-34.8553,83.93,70,40,9.22,scattered clouds
228,Saint-Marc,HT,19.1082,-72.6938,81.48,67,33,8.52,scattered clouds
229,Kismayo,SO,-0.3582,42.5454,80.6,76,100,7.67,overcast clouds
230,Luderitz,NA,-26.6481,15.1594,61.5,88,0,12.1,clear sky
231,Rawson,AR,-43.3002,-65.1023,63.21,50,1,13.49,clear sky
232,Mecca,SA,21.4267,39.8261,77.43,50,0,0.72,clear sky
233,Oga,IT,46.4631,10.347,21.88,98,72,5.28,broken clouds
234,Myitkyina,MM,25.3833,97.4,56.57,70,42,2.3,scattered clouds
235,Kaitangata,NZ,-46.2817,169.8464,61.93,61,100,4.32,overcast clouds
236,Longyearbyen,SJ,78.2186,15.6401,8.44,78,29,21.85,scattered clouds
237,Melfi,IT,40.9965,15.6514,38.5,92,94,6.64,overcast clouds
238,Kintampo,GH,8.0563,-1.7306,84.76,33,43,3.4,scattered clouds
239,Port Hardy,CA,50.6996,-127.4199,48.38,100,75,3.44,light rain
240,Petropavl,KZ,54.8753,69.1628,9.72,92,66,5.84,broken clouds
241,Chokurdakh,RU,70.6333,147.9167,-13.32,99,100,3.67,overcast clouds
242,Alofi,NU,-19.0595,-169.9187,80.49,61,58,12.66,broken clouds
243,Portage,US,41.1667,-81.1998,38.25,54,75,5.75,broken clouds
244,Chuy,UY,-33.6971,-53.4616,65.35,92,100,20.04,moderate rain
245,Praia,CV,14.9215,-23.5087,75.74,69,20,21.85,few clouds
246,Fountain Hills,US,33.6117,-111.7174,82.27,16,1,4.0,clear sky
247,Richards Bay,ZA,-28.783,32.0377,69.37,94,15,5.59,light rain
248,Pangnirtung,CA,66.1451,-65.7125,19.4,79,90,9.22,light snow
249,Nenjiang,CN,49.1833,125.2167,7.39,96,100,2.59,overcast clouds
250,Sydney,AU,-33.8679,151.2073,66.36,85,75,1.01,broken clouds
251,Newport,GB,51.5877,-2.9984,46.62,90,65,8.59,broken clouds
252,Atambua,ID,-9.1061,124.8925,75.02,81,100,1.36,overcast clouds
253,Verkh-Usugli,RU,52.7,115.1667,-0.09,96,97,3.18,overcast clouds
254,Kodiak,US,57.79,-152.4072,36.91,93,90,23.02,light rain
255,Port Blair,IN,11.6667,92.75,79.52,79,93,9.55,overcast clouds
256,Cuamba,MZ,-14.8031,36.5372,77.94,48,81,2.37,broken clouds
257,Waipawa,NZ,-41.4122,175.5153,60.46,84,100,3.76,heavy intensity rain
258,Mabaruma,GY,8.2,-59.7833,79.12,81,99,4.41,overcast clouds
259,Upington,ZA,-28.4478,21.2561,80.98,17,2,6.91,clear sky
260,Waitati,NZ,-45.75,170.5667,64.22,48,42,2.82,scattered clouds
261,Coquimbo,CL,-29.9533,-71.3436,64.13,72,40,13.8,scattered clouds
262,San Luis,AR,-33.295,-66.3356,84.0,18,0,8.99,clear sky
263,Mahibadhoo,MV,3.7833,72.9667,81.9,77,100,15.39,light rain
264,Evans,US,33.5337,-82.1307,57.4,33,1,3.0,clear sky
265,Tiznit,MA,29.5833,-9.5,57.34,42,0,0.83,clear sky
266,Yellowknife,CA,62.456,-114.3525,-9.58,76,20,13.8,few clouds
267,Adamovka,RU,51.5223,59.9396,10.0,91,13,4.76,few clouds
268,Isangel,VU,-19.55,169.2667,78.91,89,90,0.0,overcast clouds
269,Poum,NC,-20.2333,164.0167,80.91,79,17,14.41,few clouds
270,Eureka,US,40.8021,-124.1637,60.21,71,91,7.92,overcast clouds
271,Aklavik,CA,68.2191,-135.0107,-18.4,69,20,4.61,few clouds
272,Sabzevar,IR,36.2126,57.6819,50.5,43,57,4.09,broken clouds
273,Vardo,NO,70.3705,31.1107,21.18,86,75,21.85,broken clouds
274,Tiangua,BR,-3.7322,-40.9917,80.51,51,95,5.39,overcast clouds
275,Khatanga,RU,71.9667,102.5,-28.25,100,96,5.44,overcast clouds
276,Abu Kamal,SY,34.4506,40.9171,62.6,48,46,3.04,scattered clouds
277,Bubaque,GW,11.2833,-15.8333,83.17,63,74,11.32,broken clouds
278,Kerman,IR,30.2832,57.0788,49.86,53,40,0.0,scattered clouds
279,Qaqortoq,GL,60.7167,-46.0333,34.3,99,100,15.48,moderate rain
280,Mount Gambier,AU,-37.8333,140.7667,55.31,76,17,5.75,few clouds
281,Maba,CN,24.6841,113.5984,56.03,76,82,5.23,broken clouds
282,Kasongo-Lunda,CD,-6.4667,16.8167,70.45,96,100,2.66,overcast clouds
283,Jalpan,MX,21.2333,-99.4833,67.24,70,91,4.14,overcast clouds
284,Hammerfest,NO,70.6634,23.6821,20.93,73,0,8.05,clear sky
285,Dingle,PH,10.9995,122.6711,74.46,92,30,5.44,scattered clouds
286,Kanniyakumari,IN,8.0833,77.5667,78.06,85,100,13.11,moderate rain
287,Saint-Jean-De-Luz,FR,43.3891,-1.6581,51.22,94,90,1.99,overcast clouds
288,Villa Altagracia,DO,18.673,-70.171,87.31,62,54,3.85,broken clouds
289,River Ridge,US,29.9602,-90.2156,67.03,48,1,1.99,clear sky
290,Sorland,NO,67.667,12.6934,30.06,49,100,2.62,light snow
291,Ayan,RU,56.45,138.1667,10.6,67,100,10.13,overcast clouds
292,Saint-Pierre,RE,-21.3393,55.4781,76.64,81,40,9.22,scattered clouds
293,Skjervoy,NO,70.0311,20.9714,21.38,66,23,17.78,few clouds
294,Mahanoro,MG,-19.9,48.8,72.45,89,77,3.49,broken clouds
295,Mar Del Plata,AR,-38.0023,-57.5575,64.42,91,75,17.0,broken clouds
296,Perth,AU,-31.9333,115.8333,61.18,71,75,11.5,broken clouds
297,Spassk-Dalniy,RU,44.5978,132.8211,20.8,76,100,4.23,overcast clouds
298,Victoria,HK,22.2855,114.1577,71.33,71,1,5.01,clear sky
299,Paka,MY,4.6374,103.4368,75.13,94,95,1.14,overcast clouds
300,Zaterechnyy,RU,44.7931,45.2097,47.16,92,55,16.73,broken clouds
301,Acari,PE,-15.4311,-74.6158,76.06,57,29,9.35,scattered clouds
302,Barentin,FR,49.5453,0.9552,40.28,88,28,7.29,scattered clouds
303,Ravar,IR,31.2656,56.8055,55.26,40,7,4.05,clear sky
304,Dunedin,NZ,-45.8742,170.5036,61.81,57,72,6.17,broken clouds
305,Pandan Niog,PH,6.2282,120.5631,82.6,77,99,15.39,overcast clouds
306,Cayenne,GF,4.9333,-52.3333,82.44,81,0,1.01,clear sky
307,Poso,ID,-1.3959,120.7524,75.51,86,100,3.29,overcast clouds
308,Lufilufi,WS,-13.8745,-171.5986,83.98,75,18,12.95,few clouds
309,Mahebourg,MU,-20.4081,57.7,74.25,78,20,3.44,few clouds
310,Graaff-Reinet,ZA,-32.2522,24.5308,63.91,63,50,8.03,scattered clouds
311,Okato,NZ,-39.2,173.8833,65.43,95,100,5.19,overcast clouds
312,Alpena,US,45.0617,-83.4327,34.12,73,1,3.44,clear sky
313,Altamont,US,42.2068,-121.7372,52.79,84,40,1.01,scattered clouds
314,Esperance,AU,-33.8667,121.9,58.84,70,100,12.19,overcast clouds
315,Taiobeiras,BR,-15.8078,-42.2331,70.38,87,100,6.02,overcast clouds
316,Malokaterynivka,UA,47.6525,35.2539,54.32,80,67,21.74,broken clouds
317,Gandhidham,IN,23.0833,70.1333,75.33,41,57,7.85,broken clouds
318,Chieti,IT,42.3609,14.138,44.76,87,90,9.22,moderate rain
319,Virden,US,39.5009,-89.7679,54.5,49,35,17.07,scattered clouds
320,San Diego,US,32.7153,-117.1573,90.28,43,1,5.75,clear sky
321,Kutum,SD,14.2,24.6667,71.13,32,97,9.75,overcast clouds
322,Pangody,RU,65.85,74.4859,1.98,97,97,5.93,overcast clouds
323,Kununurra,AU,-15.7667,128.7333,73.38,73,40,1.14,scattered clouds
324,Provideniya,RU,64.3833,-173.3,-5.69,65,0,4.47,clear sky
325,Ambalavao,MG,-21.8333,46.9333,65.88,86,57,3.09,broken clouds
326,Ilulissat,GL,69.2167,-51.1,33.82,80,75,5.75,light rain
327,Mehamn,NO,71.0357,27.8492,17.51,73,75,25.32,broken clouds
328,Hobyo,SO,5.3505,48.5268,79.93,68,44,18.32,scattered clouds
329,State College,US,40.7934,-77.86,38.05,67,90,1.99,overcast clouds
330,Ewa Beach,US,21.3156,-158.0072,79.09,61,75,17.0,broken clouds
331,Itoman,JP,26.1247,127.6694,72.37,80,40,9.22,scattered clouds
332,Santo Domingo,DO,18.5001,-69.9886,89.24,63,40,1.99,scattered clouds
333,Bouar,CF,5.934,15.596,70.72,40,79,2.35,broken clouds
334,San Cristobal,VE,7.7669,-72.225,80.78,67,98,4.94,overcast clouds
335,Saint-Francois,FR,46.4154,3.9054,35.47,89,90,1.14,overcast clouds
336,Taunggyi,MM,20.7833,97.0333,52.88,87,26,1.54,scattered clouds
337,Goreloye,RU,52.937,41.5043,49.06,90,100,24.11,overcast clouds
338,Oktyabrskoye,RU,43.0645,44.7417,37.54,87,15,8.95,few clouds
339,Magadi,IN,12.9667,77.2333,68.34,88,93,12.1,overcast clouds
340,Tura,IN,25.5198,90.2201,59.0,77,42,4.56,scattered clouds
341,Berlevag,NO,70.8578,29.0864,17.55,73,98,28.77,overcast clouds
342,Iqaluit,CA,63.7506,-68.5145,15.53,79,90,17.27,light snow
343,Berdigestyakh,RU,62.0989,126.6992,-15.39,100,97,1.97,overcast clouds
344,Nandi Hills,KE,0.1066,35.1838,63.19,88,95,4.23,overcast clouds
345,Arlit,NE,18.7369,7.3853,78.66,12,31,10.0,scattered clouds
346,Thunder Bay,CA,48.4001,-89.3168,32.56,77,90,9.22,light snow
347,Diffa,NE,13.3154,12.6113,78.13,13,96,9.33,overcast clouds
348,Tawang,IN,27.5833,91.8667,36.75,82,81,3.62,broken clouds
349,Fairlie,GB,55.756,-4.8556,51.22,93,100,8.01,overcast clouds
350,Xuzhou,CN,34.1805,117.1571,41.99,80,34,12.91,scattered clouds
351,Mogadishu,SO,2.0371,45.3438,80.96,80,18,16.75,few clouds
352,Kavieng,PG,-2.5744,150.7967,82.99,77,100,17.43,light rain
353,Buta,CD,2.7858,24.73,69.17,99,100,2.17,light rain
354,Andenes,NO,69.3143,16.1194,22.98,80,20,14.97,few clouds
355,Codrington,AU,-38.2667,141.9667,62.83,55,0,8.46,clear sky
356,Teya,RU,60.3778,92.6267,18.21,89,100,11.54,overcast clouds
357,Flinders,AU,-34.5833,150.8552,65.21,87,88,1.01,overcast clouds
358,Ous,RU,60.9058,61.5186,29.73,86,95,8.95,overcast clouds
359,Furstenwalde,DE,52.3667,14.0667,37.09,97,95,8.84,overcast clouds
360,Birjand,IR,32.8663,59.2211,43.27,56,0,6.91,clear sky
361,Morant Bay,JM,17.8815,-76.4093,85.62,68,99,9.69,overcast clouds
362,Glendive,US,47.1053,-104.7125,55.02,54,1,9.22,clear sky
363,Vieques,PR,18.425,-65.8329,85.84,76,15,11.39,few clouds
364,Ambon,ID,-3.6954,128.1814,77.14,94,40,8.05,scattered clouds
365,Maniitsoq,GL,65.4167,-52.9,33.13,93,100,17.92,snow
366,Port-Gentil,GA,-0.7193,8.7815,78.76,89,20,4.61,few clouds
367,Payo,ID,-3.7508,103.6372,72.3,86,82,1.79,broken clouds
368,Beringovskiy,RU,63.05,179.3167,6.1,94,100,7.74,overcast clouds
369,Aksarka,RU,66.5606,67.7975,-3.17,98,97,5.86,overcast clouds
370,Cap Malheureux,MU,-19.9842,57.6142,74.46,71,1,3.0,clear sky
371,Birao,CF,10.2849,22.7882,78.24,33,87,5.61,overcast clouds
372,Ponta Do Sol,PT,32.6667,-17.1,64.71,72,18,5.01,few clouds
373,Guymon,US,36.6828,-101.4816,80.47,17,1,4.61,clear sky
374,Badnawar,IN,23.0167,75.2167,61.72,48,83,7.07,broken clouds
375,Cam Ranh,VN,11.9214,109.1591,75.16,100,75,2.3,broken clouds
376,Baruun-Urt,MN,46.6806,113.2792,7.48,84,11,9.46,few clouds
377,Bathsheba,BB,13.2167,-59.5167,84.81,61,40,16.11,scattered clouds
378,Placido De Castro,BR,-10.3353,-67.1856,92.35,43,100,3.51,overcast clouds
379,Aykhal,RU,66.0,111.5,-26.86,100,97,4.25,overcast clouds
380,Ostrovnoy,RU,68.0531,39.5131,6.19,77,79,5.5,broken clouds
381,Leh,IN,34.1667,77.5833,16.25,57,100,2.15,overcast clouds
382,Sambava,MG,-14.2667,50.1667,75.67,84,31,5.99,light rain
383,Avera,US,33.194,-82.5271,58.51,32,0,3.98,clear sky
384,Mweka,CD,-4.85,21.5667,67.33,99,100,0.6,overcast clouds
385,Kalmar,SE,56.6616,16.3616,24.96,92,20,9.22,few clouds
386,Mount Isa,AU,-20.7333,139.5,71.37,33,21,0.0,few clouds
387,Falun,SE,60.6036,15.626,16.21,93,77,1.03,broken clouds
388,Coihaique,CL,-45.5752,-72.0662,60.75,44,40,6.91,scattered clouds
389,North Royalton,US,41.3137,-81.7246,37.83,63,75,1.99,broken clouds
390,Faya,SA,18.3851,42.4509,57.31,47,0,6.91,clear sky
391,Brae,GB,60.3964,-1.353,42.71,69,64,25.88,broken clouds
392,Ucluelet,CA,48.9329,-125.5528,52.95,95,98,6.31,overcast clouds
393,Strezhevoy,RU,60.7333,77.5889,24.78,93,100,11.14,overcast clouds
394,Letlhakeng,BW,-24.0944,25.0298,72.91,57,88,13.82,light rain
395,Khawhai,IN,23.3667,93.1167,46.04,97,14,3.09,few clouds
396,Puerto Escondido,MX,15.85,-97.0667,85.03,65,1,8.05,clear sky
397,Burnie,AU,-41.0667,145.9167,56.21,81,84,11.12,broken clouds
398,Puerto Penasco,MX,31.3167,-113.5333,70.92,59,0,4.0,clear sky
399,Maldonado,UY,-34.6667,-54.9167,65.59,96,100,25.26,overcast clouds
400,Menongue,AO,-14.6585,17.691,62.69,96,100,4.61,overcast clouds
401,Lukovetskiy,RU,64.2956,41.9211,-7.62,96,100,4.34,overcast clouds
402,Malakal,SS,9.5334,31.6605,85.98,41,53,3.02,broken clouds
403,Cascais,PT,38.6979,-9.4215,58.51,69,75,15.01,broken clouds
404,Loikaw,MM,19.6742,97.2094,59.05,83,76,3.06,broken clouds
405,Galesong,ID,-5.3166,119.3661,75.22,80,100,4.18,overcast clouds
406,Bereda,ES,43.2686,-7.5406,46.15,100,93,2.04,overcast clouds
407,Lakes Entrance,AU,-37.8811,147.981,61.16,70,0,3.87,clear sky
408,Tuskegee,US,32.424,-85.6916,59.95,25,5,8.48,clear sky
409,Srivardhan,IN,18.0333,73.0167,78.19,69,100,5.1,overcast clouds
410,Olafsvik,IS,64.8945,-23.7142,30.88,93,100,13.38,snow
411,Airai,TL,-8.9266,125.4092,61.54,81,100,1.7,overcast clouds
412,Nabire,ID,-3.3667,135.4833,76.39,90,100,3.8,overcast clouds
413,Westport,US,41.1415,-73.3579,41.79,63,1,5.01,clear sky
414,Manta,EC,-0.95,-80.7333,82.18,65,75,11.5,broken clouds
415,Quelimane,MZ,-17.8786,36.8883,73.35,73,0,5.01,clear sky
416,Nantucket,US,41.2835,-70.0995,40.14,76,100,23.42,overcast clouds
417,Gympie,AU,-26.1898,152.665,72.32,99,100,2.39,overcast clouds
418,Talkha,EG,31.0539,31.3779,69.73,38,86,5.3,overcast clouds
419,Naze,JP,28.3667,129.4833,66.65,73,92,14.14,overcast clouds
420,Terney,RU,45.0503,136.6092,26.31,66,90,5.57,overcast clouds
421,Inhambane,MZ,-23.865,35.3833,73.11,76,0,11.18,clear sky
422,Bud,US,39.447,-86.1758,45.86,38,79,9.71,broken clouds
423,Katobu,ID,-4.9408,122.5276,74.32,97,100,4.43,overcast clouds
424,San Francisco,US,37.7749,-122.4194,73.24,65,0,3.0,clear sky
425,Abrau-Dyurso,RU,44.69,37.59,54.86,82,100,13.85,overcast clouds
426,Lubumbashi,CD,-11.6609,27.4794,69.73,67,89,4.12,overcast clouds
427,Saint Anthony,US,45.0205,-93.218,53.65,48,20,11.5,few clouds
428,Zhob,PK,31.3411,69.4481,49.19,27,100,1.63,overcast clouds
429,Klaeng,TH,12.7797,101.6483,80.15,85,100,8.59,overcast clouds
430,Okhotsk,RU,59.3833,143.3,-12.42,87,16,18.07,few clouds
431,Shelburne,CA,44.0787,-80.2041,30.76,91,91,6.85,overcast clouds
432,Rodrigues Alves,BR,-7.738,-72.6509,88.0,55,100,7.54,overcast clouds
433,Xinqing,CN,48.2333,129.5,1.31,98,98,0.72,overcast clouds
434,Port Antonio,JM,18.18,-76.4612,85.91,66,86,5.46,overcast clouds
435,San-Pedro,CI,4.7485,-6.6363,79.56,81,39,6.4,scattered clouds
436,Gamboma,CG,-1.8764,15.8644,73.2,89,97,0.74,overcast clouds
437,West Odessa,US,31.8424,-102.4988,76.82,21,1,10.36,clear sky
438,Balao,EC,-2.9167,-79.8167,82.31,66,98,2.44,light rain
439,Osorno,CL,-40.5667,-73.15,65.25,55,0,6.91,clear sky
440,Zeya,RU,53.75,127.2667,8.35,74,88,1.86,overcast clouds
441,Estelle,US,29.8458,-90.1067,67.03,45,1,6.91,clear sky
442,Gadarwara,IN,22.9167,78.7833,58.32,50,22,4.03,few clouds
443,Lyuban,BY,52.7985,28.0048,37.09,96,100,17.98,overcast clouds
444,Manaure,CO,11.7751,-72.4445,86.54,61,96,16.84,overcast clouds
445,College,US,64.8569,-147.8028,-10.1,69,75,0.0,broken clouds
446,Zatoka,UA,46.0725,30.4654,50.54,77,99,10.98,overcast clouds
447,Iquique,CL,-20.2208,-70.1431,69.84,70,15,5.41,few clouds
448,Axim,GH,4.8699,-2.2405,79.39,84,16,7.31,few clouds
449,Byron Bay,AU,-28.65,153.6167,69.75,87,100,6.24,moderate rain
450,Acarau,BR,-2.8856,-40.12,81.57,76,89,16.42,overcast clouds
451,Abastumani,GE,41.7075,42.8457,49.12,79,30,2.39,scattered clouds
452,Moerai,PF,-22.4333,-151.3333,77.2,81,100,8.05,light rain
453,Safford,US,32.834,-109.7076,72.52,21,1,5.75,clear sky
454,Abhar,IR,36.1468,49.218,45.81,64,0,6.98,clear sky
455,San Vicente De Canete,PE,-13.0751,-76.3835,69.46,75,98,7.45,overcast clouds
456,Belem De Sao Francisco,BR,-8.7539,-38.9658,91.58,35,89,4.7,heavy intensity rain
457,Borba,BR,-4.3878,-59.5939,83.01,76,100,2.53,overcast clouds
458,Nanortalik,GL,60.1432,-45.2371,33.96,99,100,16.53,light rain
459,Mineiros,BR,-17.5694,-52.5511,76.01,81,100,5.5,moderate rain
460,Novo Aripuana,BR,-5.1206,-60.3797,84.52,73,100,0.69,overcast clouds
461,Savona,IT,44.3,8.2667,46.27,79,0,7.14,clear sky
462,Warrington,GB,53.3925,-2.5802,49.95,97,75,3.0,light rain
463,Saint-Joseph,RE,-21.3667,55.6167,75.56,85,34,8.12,scattered clouds
464,Hachinohe,JP,40.5,141.5,47.82,84,59,7.78,broken clouds
465,Pemberton,CA,50.3164,-122.8027,46.09,99,100,4.59,overcast clouds
466,Corowa,AU,-36.0333,146.3833,65.28,68,0,6.8,clear sky
467,Klaksvik,FO,62.2266,-6.589,36.52,63,100,19.44,overcast clouds
468,Touros,BR,-5.1989,-35.4608,85.1,75,14,12.55,few clouds
469,Velenje,SI,46.3592,15.1103,31.6,94,24,3.27,few clouds
470,Jashpurnagar,IN,22.9,84.15,53.28,55,96,5.5,overcast clouds
471,Port Keats,AU,-14.25,129.55,82.29,74,78,4.43,broken clouds
472,Kattivakkam,IN,13.2167,80.3167,81.07,95,100,9.44,overcast clouds
473,Saint George,US,37.1041,-113.5841,75.67,25,1,0.0,clear sky
474,Narrabri,AU,-30.3167,149.7833,68.52,83,100,10.36,light rain
475,Mantua,IT,45.1667,10.7833,44.44,78,82,3.0,broken clouds
476,Mentougou,CN,39.9392,116.0917,34.74,37,0,14.0,clear sky
477,Atagay,RU,55.1033,99.3875,23.52,96,100,3.56,light snow
478,Ostroh,UA,50.3294,26.5143,34.16,79,90,22.95,overcast clouds
479,Haradok,BY,55.4624,29.9816,38.88,99,100,5.08,light rain
480,Nakhon Thai,TH,17.1006,100.8374,66.99,87,83,3.94,broken clouds
481,Wajir,KE,1.7471,40.0573,79.52,73,52,10.38,broken clouds
482,Chingirlau,KZ,51.095,54.0814,25.63,71,60,9.37,broken clouds
483,Jining,CN,35.405,116.5814,43.0,1,83,8.72,broken clouds
484,Half Moon Bay,US,37.4636,-122.4286,73.89,61,1,8.05,haze
485,Paso De Los Toros,UY,-32.8167,-56.5167,74.46,57,28,18.77,scattered clouds
486,Derzhavinsk,KZ,51.1,66.3167,9.27,95,81,4.25,broken clouds
487,Uige,AO,-7.6087,15.0613,66.51,97,93,1.88,light rain
488,Forbes,AU,-33.3833,148.0167,66.2,77,76,5.68,broken clouds
489,Miramar,US,25.9873,-80.2323,75.2,48,1,11.5,clear sky
490,Springbok,ZA,-29.6643,17.8865,53.71,78,5,5.75,clear sky
491,Lompoc,US,34.6391,-120.4579,88.02,47,1,4.61,clear sky
492,Presque Isle,US,46.6811,-68.0159,24.78,70,90,11.5,overcast clouds
493,Kavaratti,IN,10.5669,72.642,80.94,81,88,13.04,overcast clouds
494,Aasiaat,GL,68.7098,-52.8699,32.38,100,100,6.11,snow
495,Balintore,GB,57.7556,-3.9123,47.1,87,100,11.74,overcast clouds
496,Sur,OM,22.5667,59.5289,72.68,76,0,7.16,clear sky
497,Chernogorsk,RU,53.8236,91.2842,15.37,79,100,6.71,overcast clouds
498,Fortuna,US,40.5982,-124.1573,59.94,81,40,3.0,scattered clouds
499,Najran,SA,17.4924,44.1277,61.45,49,0,2.04,clear sky
500,Ponnani,IN,10.767,75.9252,76.32,90,43,9.57,scattered clouds
501,Labuan,MY,5.2767,115.2417,75.56,100,40,7.0,scattered clouds
502,Lasa,IT,46.6166,10.7002,29.28,93,51,7.27,broken clouds
503,Ryotsu,JP,38.0833,138.4333,49.73,73,100,8.39,overcast clouds
504,Cockburn Town,TC,21.4612,-71.1419,82.36,61,75,23.02,broken clouds
505,Bay Roberts,CA,47.5999,-53.2648,45.43,88,75,5.64,broken clouds
506,Guerrero Negro,MX,27.9769,-114.0611,78.84,30,0,8.23,clear sky
507,Charters Towers,AU,-20.1,146.2667,75.7,81,40,10.16,scattered clouds
508,Hennigsdorf,DE,52.636,13.2042,37.18,94,89,1.01,overcast clouds
509,Vostok,RU,46.4856,135.8833,10.87,92,100,1.97,overcast clouds
510,Houma,US,29.5958,-90.7195,66.2,54,0,7.14,clear sky
511,Tenosique,MX,17.4833,-91.4333,81.03,67,12,5.66,few clouds
512,Vila Franca Do Campo,PT,37.7167,-25.4333,61.2,74,50,5.5,scattered clouds
513,Rocha,UY,-34.4833,-54.3333,65.25,97,100,19.69,light rain
514,Grindavik,IS,63.8424,-22.4338,34.27,100,90,5.75,light snow
515,Cozumel,MX,20.5083,-86.9458,81.95,72,63,5.01,broken clouds
516,Puerto Del Rosario,ES,28.5004,-13.8627,65.95,63,20,23.02,few clouds
517,Gravdal,NO,68.1214,13.5031,28.29,93,40,8.05,light snow
518,Sumenep,ID,-7.0167,113.8667,77.76,87,100,7.09,moderate rain
519,Lahat,ID,-3.8,103.5333,72.21,83,81,1.97,broken clouds
520,China,MX,25.7,-99.2333,72.68,31,14,6.64,few clouds
521,Rio Formoso,BR,-8.6636,-35.1586,84.16,79,50,10.8,scattered clouds
522,Sorong,ID,-0.8833,131.25,80.89,81,99,7.18,overcast clouds
523,Adrar,MR,20.5022,-10.0711,64.78,23,56,10.8,broken clouds
524,Ibra,OM,22.6906,58.5334,64.49,87,0,0.83,clear sky
525,Toora-Khem,RU,52.4675,96.11,3.15,98,100,1.21,overcast clouds
526,Palmer,US,42.1584,-72.3287,37.54,54,40,1.01,scattered clouds
527,Pilar,BR,-9.5972,-35.9567,82.33,81,77,10.31,broken clouds
528,Kuusamo,FI,65.9667,29.1833,1.44,92,90,2.3,overcast clouds
529,Kongsberg,NO,59.6652,9.6465,23.45,77,100,4.0,light snow
530,Back Mountain,US,41.3359,-75.9963,35.89,66,69,6.38,broken clouds
531,Hambantota,LK,6.1241,81.1185,77.38,86,82,4.97,broken clouds
532,Corrientes,AR,-27.4806,-58.8341,83.01,40,0,3.0,clear sky
533,Sao Joao Del Rei,BR,-21.1356,-44.2617,86.43,66,21,5.08,few clouds
534,Sao Gabriel Da Cachoeira,BR,-0.1303,-67.0892,82.35,74,99,1.52,overcast clouds
535,Palma Di Montechiaro,IT,37.1926,13.765,47.62,60,70,27.54,broken clouds
536,Arcata,US,40.8665,-124.0828,59.2,63,88,6.6,overcast clouds
537,Zhanakorgan,KZ,43.9098,67.2495,39.22,30,90,3.31,overcast clouds
538,Atocha,BO,-20.9333,-66.2333,66.11,7,66,14.83,broken clouds
539,Alice Springs,AU,-23.7,133.8833,58.55,77,0,0.0,clear sky
540,Synya,RU,65.3718,58.0387,3.22,98,99,3.51,overcast clouds
541,Turayf,SA,31.6725,38.6637,55.65,62,0,6.91,clear sky
542,Kisangani,CD,0.5167,25.2,71.31,99,100,3.06,moderate rain
543,Reyes,BO,-14.3167,-67.3833,86.16,74,75,6.91,broken clouds
544,Hohen Neuendorf,DE,52.6667,13.2833,36.99,94,89,1.01,overcast clouds
545,Samarai,PG,-10.6167,150.6667,83.23,80,28,7.67,scattered clouds
546,Wagga Wagga,AU,-35.1167,147.3667,69.6,72,0,9.22,clear sky
547,Yenotayevka,RU,47.2456,47.0281,42.39,71,29,18.19,scattered clouds
548,Kamenka,RU,51.3223,42.7678,46.74,86,100,30.27,light rain
549,Imbituba,BR,-28.24,-48.6703,85.89,81,0,2.06,clear sky
550,Nalut,LY,30.3333,10.85,49.06,26,6,9.69,clear sky
551,Nynashamn,SE,58.9034,17.9479,25.11,78,16,10.85,few clouds
552,Pinerolo,IT,44.8833,7.35,40.24,48,0,9.33,clear sky
553,Neuquen,AR,-38.9516,-68.0591,85.89,19,0,11.5,clear sky
554,Honningsvag,NO,70.9821,25.9704,15.55,73,20,28.77,few clouds
555,Kudahuvadhoo,MV,2.6708,72.8944,82.06,75,95,15.73,overcast clouds
556,Boma,GH,7.0805,-2.1697,77.22,63,29,3.29,scattered clouds
557,Sakakah,SA,29.9697,40.2064,63.97,30,94,4.36,overcast clouds
558,Quiindy,PY,-25.9667,-57.2667,78.35,44,0,7.02,clear sky
559,Hendek,TR,40.7994,30.7481,56.95,75,100,12.08,light rain
560,Coronado,US,32.6859,-117.1831,90.45,47,1,8.99,clear sky
561,Nyrob,RU,60.733,56.7202,23.5,91,100,3.02,overcast clouds
562,Port Shepstone,ZA,-30.7414,30.455,71.22,89,62,5.5,broken clouds
563,Allapalli,IN,19.4167,80.0667,63.99,55,45,2.39,scattered clouds
564,Beloha,MG,-25.1667,45.05,68.36,84,2,12.39,clear sky
565,Chauk,MM,20.8833,94.8167,69.01,76,49,6.89,scattered clouds
566,Bamiantong,CN,44.9333,130.5333,21.38,95,100,2.35,overcast clouds
567,Novikovo,RU,51.1537,37.8879,54.19,81,100,24.92,overcast clouds
568,Meulaboh,ID,4.1363,96.1285,74.1,93,100,1.9,light rain
569,Sosva,RU,59.1766,61.8558,30.96,93,100,7.36,overcast clouds
570,Lincoln,US,40.8,-96.667,73.17,39,1,1.99,clear sky
571,Changying,CN,52.8733,123.3213,-5.12,100,28,2.71,scattered clouds
572,Juba,SS,4.8517,31.5825,79.41,59,53,2.17,broken clouds
573,Bad Freienwalde,DE,52.7873,14.0304,37.45,92,78,5.01,broken clouds
574,Simpsonville,US,34.7371,-82.2543,53.08,33,1,1.01,clear sky
575,Camden,US,39.7835,-74.9663,42.39,55,96,1.99,overcast clouds
576,Kiunga,PG,-6.1219,141.2906,73.94,99,98,0.38,light rain
577,Kailua,US,21.4022,-157.7394,79.14,70,90,20.71,light rain
578,Lockhart,US,28.6194,-81.4426,71.46,49,0,3.0,clear sky
579,Saint-Gabriel,CA,46.3001,-73.3824,26.6,67,61,1.45,broken clouds
580,Salinopolis,BR,-0.6136,-47.3561,80.37,83,100,9.64,moderate rain
581,Lenoir City,US,35.7973,-84.256,48.58,41,39,2.01,scattered clouds
582,Iwaki,JP,37.05,140.8833,43.66,45,16,4.32,few clouds
583,Ambilobe,MG,-13.2,49.05,74.82,83,23,5.95,few clouds
584,Micheweni,TZ,-4.9667,39.8333,80.37,81,99,7.34,light rain
585,Kozulka,UA,50.0351,23.797,34.09,89,96,18.81,overcast clouds
586,Cajamarca,PE,-7.1638,-78.5003,60.87,72,75,5.75,moderate rain
587,Ust-Barguzin,RU,53.45,108.9833,21.0,77,100,6.71,overcast clouds
588,Awbari,LY,26.5921,12.7805,55.26,19,12,6.31,few clouds
589,Hovd,MN,48.0056,91.6419,15.31,45,0,0.81,clear sky
590,Mitsamiouli,KM,-11.3847,43.2844,80.08,79,3,8.46,clear sky
591,Denpasar,ID,-8.65,115.2167,74.86,94,75,6.91,broken clouds
592,Keti Bandar,PK,24.1447,67.4497,75.54,43,11,8.03,few clouds
593,Alyangula,AU,-13.8483,136.4192,75.07,100,18,3.44,few clouds
594,Sidi Ali,DZ,36.0998,0.4206,55.4,73,53,9.15,broken clouds
595,Tabou,CI,4.423,-7.3528,80.08,78,100,5.66,overcast clouds
596,Ierapetra,GR,35.01,25.7353,67.14,60,100,5.01,overcast clouds
597,Ahuimanu,US,21.4447,-157.8378,78.85,68,90,20.71,light rain
598,Collie,AU,-33.3667,116.15,44.44,92,0,3.69,clear sky
599,Killybegs,IE,54.6333,-8.45,49.71,94,100,19.15,overcast clouds
600,Laguna,US,38.421,-121.4238,76.14,62,1,1.99,clear sky
601,Divinopolis,BR,-20.1389,-44.8839,77.47,66,100,1.7,overcast clouds
602,Angoche,MZ,-16.2325,39.9086,75.88,74,0,3.96,clear sky
603,Broken Hill,AU,-31.95,141.4333,64.11,72,75,0.0,broken clouds
604,Hay River,CA,60.8156,-115.7999,-9.42,70,20,6.91,few clouds
605,Krasnokamensk,RU,50.0979,118.0369,-0.02,97,16,5.59,few clouds
606,Skelleftea,SE,64.7507,20.9528,13.68,94,32,0.83,scattered clouds
607,Dongargaon,IN,20.9667,80.85,60.6,49,26,3.09,scattered clouds
608,Rio Gallegos,AR,-51.6226,-69.2181,57.25,19,40,36.82,scattered clouds
609,Jeremie,HT,18.65,-74.1167,80.47,73,65,4.47,broken clouds
610,Ajdabiya,LY,30.7554,20.2263,63.39,45,99,14.54,overcast clouds
611,Barkhan,PK,29.8977,69.5256,50.68,42,48,1.79,scattered clouds
612,Hillsborough,US,37.5741,-122.3794,73.29,60,0,1.01,clear sky
613,Yeppoon,AU,-23.1333,150.7333,74.98,81,51,10.09,broken clouds
614,Lakhimpur,IN,27.95,80.7667,59.81,50,83,4.9,broken clouds
615,Oriximina,BR,-1.7656,-55.8661,86.31,61,81,1.66,broken clouds
616,Caravelas,BR,-17.7125,-39.2481,78.62,81,2,13.4,clear sky
617,Comodoro Rivadavia,AR,-45.8667,-67.5,75.06,22,0,11.5,clear sky
618,Mackenzie,CA,55.2999,-123.1698,30.42,69,1,2.3,clear sky
619,Lata,PT,40.1629,-8.3327,50.81,81,95,2.8,overcast clouds
620,Mo I Rana,NO,66.3128,14.1428,19.87,82,75,1.01,light snow
621,Mazagao,BR,-0.115,-51.2894,89.65,67,89,6.87,light rain
622,Kibala,TD,9.1104,18.3463,76.95,61,0,0.0,clear sky
623,Itarema,BR,-2.9248,-39.9167,81.27,76,91,14.7,overcast clouds
624,Honiara,SB,-9.4333,159.95,82.44,79,75,2.77,broken clouds
625,Lyngseidet,NO,69.5763,20.2189,24.89,79,23,17.83,few clouds
626,Arroyo,ES,41.6096,-4.7969,43.14,84,0,2.3,clear sky
627,Moranbah,AU,-22.0016,148.0466,75.72,77,89,13.22,overcast clouds
628,Nishihara,JP,26.1842,127.7558,71.65,81,75,11.5,broken clouds
629,Naryan-Mar,RU,67.6713,53.087,9.66,96,97,8.1,overcast clouds
630,Harper,LR,4.375,-7.7169,79.83,77,100,5.7,overcast clouds
631,Galway,IE,53.2719,-9.0489,48.15,90,90,14.9,overcast clouds
632,Yanji,CN,42.9075,129.5078,30.47,97,100,3.67,light snow
